{"schematics":[{"docType":1,"title":"A1_PROM_64_128","dataStr":{"head":{"docType":"1","editorVersion":"6.5.5","newgId":true,"c_para":{"Prefix Start":"1"},"c_spiceCmd":"null","hasIdFlag":true,"uuid":"e4aa29594156485a861497d22ea3f7b3","x":"0","y":"0","portOfADImportHack":"","importFlag":0,"transformList":""},"canvas":"CA~1000~1000~#FFFFFF~yes~#CCCCCC~5~1000~1000~line~5~pixel~5~0~0","shape":["LIB~0~-806~package`NONE`BOM_Manufacturer Part`?`spicePre`.`~~0~frame_lib_1~~~0~~yes~yes~~~#@$T~N~570~-809~0~#000080~Arial~~~~~comment~A~0~start~gge77~0~#@$PT~M 206 -796 L 206 -806 M 206 -10 L 206 0 M 402 -796 L 402 -806 M 402 -10 L 402 0 M 598 -796 L 598 -806 M 598 -10 L 598 0 M 794 -796 L 794 -806 M 794 -10 L 794 0 M 990 -796 L 990 -806 M 990 -10 L 990 0 M 10 -600 L 0 -600 M 1139 -600 L 1149 -600 M 10 -404 L 0 -404 M 1139 -404 L 1149 -404 M 10 -208 L 0 -208 M 1139 -208 L 1149 -208 M 10 -12 L 0 -12 M 1139 -12 L 1149 -12~#880000~1~0~none~gge6~0~frame_tick#@$T~P~571~-818~0~#000080~Arial~~~~~comment~A~0~start~gge76~0~#@$T~L~1.5~-698~0~#880000~~~~~~comment~A~1~start~gge7~0~frame_tick#@$T~L~1140.5~-698~0~#880000~~~~~~comment~A~1~start~gge9~0~frame_tick#@$T~L~1.5~-502~0~#880000~~~~~~comment~B~1~start~gge11~0~frame_tick#@$T~L~1140.5~-502~0~#880000~~~~~~comment~B~1~start~gge13~0~frame_tick#@$T~L~1.5~-306~0~#880000~~~~~~comment~C~1~start~gge15~0~frame_tick#@$T~L~1140.5~-306~0~#880000~~~~~~comment~C~1~start~gge17~0~frame_tick#@$T~L~1.5~-110~0~#880000~~~~~~comment~D~1~start~gge19~0~frame_tick#@$T~L~1140.5~-110~0~#880000~~~~~~comment~D~1~start~gge21~0~frame_tick#@$T~L~108~-797.5~0~#880000~~~~~~comment~1~1~start~gge23~0~frame_tick#@$T~L~108~-1.5~0~#880000~~~~~~comment~1~1~start~gge25~0~frame_tick#@$T~L~304~-797.5~0~#880000~~~~~~comment~2~1~start~gge27~0~frame_tick#@$T~L~304~-1.5~0~#880000~~~~~~comment~2~1~start~gge29~0~frame_tick#@$T~L~500~-797.5~0~#880000~~~~~~comment~3~1~start~gge31~0~frame_tick#@$T~L~500~-1.5~0~#880000~~~~~~comment~3~1~start~gge33~0~frame_tick#@$T~L~696~-797.5~0~#880000~~~~~~comment~4~1~start~gge35~0~frame_tick#@$T~L~696~-1.5~0~#880000~~~~~~comment~4~1~start~gge37~0~frame_tick#@$T~L~892~-797.5~0~#880000~~~~~~comment~5~1~start~gge39~0~frame_tick#@$T~L~892~-1.5~0~#880000~~~~~~comment~5~1~start~gge?~0~frame_tick#@$R~10~-796~~~1129~786~#880000~1~0~none~gge42~0~frame_innerbox#@$R~0~-806~~~1149~806~#880000~1~0~none~gge43~0~frame_outbox#@$R~694.99995~-90~~~444~80~#880000~1~0~none~gge44~0~frame_hitarea#@$PL~695.1 -50.75 1138.63 -50.75~#880000~1~0~none~gge45~0#@$PL~799.63 -30.75 1138.63 -30.75~#880000~1~0~none~gge46~0#@$PL~1059.61 -89.93 1059.63 -50.75~#880000~1~0~none~gge47~0#@$PL~1059.63 -50.75 1059.63 -30.75~#880000~1~0~none~gge48~0#@$T~L~699.99995~-77~0~#880000~~8pt~~~~comment~TITLE:~1~start~gge49~0~pinpart#@$T~L~757.62495~-64.41~0~#0000FF~~10pt~~~~comment~APPLE-1 MULTI-PROM REPLACEMENT~1~start~gge51~0~frame_title#@$T~L~1064.62495~-63.75~0~#880000~~8pt~~~~comment~REV:~1~start~gge53~0~pinpart#@$T~L~1102.62495~-63.75~0~#0000FF~~9pt~~~~comment~1.2~1~start~gge55~0~frame_version#@$T~L~804.62495~-15~0~#880000~~8pt~~~~comment~Date:~1~start~gge57~0~pinpart#@$T~L~851.62495~-14.52~0~#0000FF~~9pt~~~~comment~2020-05-17~1~start~gge59~0~frame_date#@$T~L~1063.62495~-35~0~#880000~~8pt~~~~comment~Sheet:~1~start~gge61~0~pinpart#@$T~L~1108.62495~-34.52~0~#0000FF~~9pt~~~~comment~1\/1~1~start~gge63~0~frame_sheet#@$T~L~943.62495~-14.75~0~#880000~~8pt~~~~comment~Drawn By:~1~start~gge65~0~pinpart#@$T~L~1008.63~-14.75~0~#0000FF~~9pt~~~~comment~P- Lab~1~start~gge67~0~frame_drawn#@$T~L~804.62495~-36.75~0~#880000~~8pt~~~~comment~Company:~1~start~gge69~0~pinpart#@$T~L~871.24995~-36.64~0~#0000FF~~9pt~~~~comment~P-LAB~1~start~gge71~0~frame_company#@$PL~799.63 -50.75 799.63 -10.75~#880000~1~0~none~gge73~0","F~part_netLabel_netPort~815~-500~180~gge94~~0^^815~-500^^D7~#0000FF~818.59~-497.51~0~start~1~Times New Roman~5.5pt~flag_gge133^^PL~815 -500 820 -505 835 -505 835 -495 820 -495 815 -500~#0000FF~1~0~transparent~gge98~0","F~part_netLabel_netPort~815~-490~0~gge99~~0^^815~-490^^D6~#0000FF~818.7734375~-487.5~0~start~1~Times New Roman~5.5pt~flag_gge136^^PL~815 -490 820 -485 835 -485 835 -495 820 -495 815 -490~#0000FF~1~0~transparent~gge103~0","F~part_netLabel_netPort~815~-480~180~gge104~~0^^815~-480^^D5~#0000FF~818.59~-477.51~0~start~1~Times New Roman~5.5pt~flag_gge139^^PL~815 -480 820 -485 835 -485 835 -475 820 -475 815 -480~#0000FF~1~0~transparent~gge108~0","F~part_netLabel_netPort~815~-470~0~gge109~~0^^815~-470^^D4~#0000FF~818.7734375~-467.5~0~start~1~Times New Roman~5.5pt~flag_gge142^^PL~815 -470 820 -465 835 -465 835 -475 820 -475 815 -470~#0000FF~1~0~transparent~gge113~0","F~part_netLabel_netPort~815~-460~180~gge114~~0^^815~-460^^D3~#0000FF~818.59~-457.51~0~start~1~Times New Roman~5.5pt~flag_gge145^^PL~815 -460 820 -465 835 -465 835 -455 820 -455 815 -460~#0000FF~1~0~transparent~gge118~0","F~part_netLabel_netPort~815~-450~0~gge119~~0^^815~-450^^D2~#0000FF~818.7734375~-447.5~0~start~1~Times New Roman~5.5pt~flag_gge148^^PL~815 -450 820 -445 835 -445 835 -455 820 -455 815 -450~#0000FF~1~0~transparent~gge123~0","F~part_netLabel_netPort~815~-440~180~gge124~~0^^815~-440^^D1~#0000FF~818.59~-437.51~0~start~1~Times New Roman~5.5pt~flag_gge151^^PL~815 -440 820 -445 835 -445 835 -435 820 -435 815 -440~#0000FF~1~0~transparent~gge128~0","F~part_netLabel_netPort~815~-430~0~gge129~~0^^815~-430^^D0~#0000FF~818.78~-427.52~0~start~1~Times New Roman~5.5pt~flag_gge154^^PL~815 -430 820 -425 835 -425 835 -435 820 -435 815 -430~#0000FF~1~0~transparent~gge133~0","F~part_netLabel_+5V~830~-540~0~gge135~~0^^830~-540^^+5V~#000000~820~-552~0~start~1~Times New Roman~9pt~flag_gge157^^PL~830 -550 830 -540~#000000~1~0~transparent~gge139~0^^PL~825 -550 835 -550~#000000~1~0~transparent~gge140~0","LIB~695~-560~package`DIP-28_L35.6-W17.8-P2.54-LS15.2-BL`BOM_Manufacturer``BOM_Manufacturer Part``BOM_Supplier Part``BOM_Supplier`chipdip`link``Contributor`romychs_4693`spicePre`D`spiceSymbolName`27C128`~~0~ggeb48a882f5190e8c4~75bf720b1bb14e88ad078ec1ce9b25cb~b5f08f2dd1084c74add7b9fb59e37a91~0~~yes~yes~~~#@$T~N~747.78125~-573.140625~0~#000080~Arial~~~~~comment~27C64~0~start~gge2854~0~#@$T~P~748.78125~-582.140625~0~#000080~Arial~~~~~comment~U1~1~start~gge212~0~#@$P~show~0~1~695~-430~180~gge214~0^^695~-430^^M 695 -430 h 20~#880000^^1~717~-427~0~A0~start~~~#0000FF^^1~710~-431~0~10~end~~~#0000FF^^0~712~-430^^0~M 715 -427 L 718 -430 L 715 -433#@$P~show~0~2~695~-440~180~gge221~0^^695~-440^^M 695 -440 h 20~#880000^^1~717~-437~0~A1~start~~~#0000FF^^1~710~-441~0~9~end~~~#0000FF^^0~712~-440^^0~M 715 -437 L 718 -440 L 715 -443#@$P~show~0~3~695~-450~180~gge228~0^^695~-450^^M 695 -450 h 20~#880000^^1~717~-447~0~A2~start~~~#0000FF^^1~710~-451~0~8~end~~~#0000FF^^0~712~-450^^0~M 715 -447 L 718 -450 L 715 -453#@$P~show~0~4~695~-460~180~gge235~0^^695~-460^^M 695 -460 h 20~#880000^^1~717~-457~0~A3~start~~~#0000FF^^1~710~-461~0~7~end~~~#0000FF^^0~712~-460^^0~M 715 -457 L 718 -460 L 715 -463#@$P~show~0~5~695~-470~180~gge242~0^^695~-470^^M 695 -470 h 20~#880000^^1~717~-467~0~A4~start~~~#0000FF^^1~710~-471~0~6~end~~~#0000FF^^0~712~-470^^0~M 715 -467 L 718 -470 L 715 -473#@$P~show~0~6~695~-480~180~gge249~0^^695~-480^^M 695 -480 h 20~#880000^^1~717~-477~0~A5~start~~~#0000FF^^1~710~-481~0~5~end~~~#0000FF^^0~712~-480^^0~M 715 -477 L 718 -480 L 715 -483#@$P~show~0~7~695~-490~180~gge256~0^^695~-490^^M 695 -490 h 20~#880000^^1~717~-487~0~A6~start~~~#0000FF^^1~710~-491~0~4~end~~~#0000FF^^0~712~-490^^0~M 715 -487 L 718 -490 L 715 -493#@$P~show~0~8~695~-500~180~gge263~0^^695~-500^^M 695 -500 h 20~#880000^^1~717~-497~0~A7~start~~~#0000FF^^1~710~-501~0~3~end~~~#0000FF^^0~712~-500^^0~M 715 -497 L 718 -500 L 715 -503#@$P~show~0~9~695~-510~180~gge270~0^^695~-510^^M 695 -510 h 20~#880000^^1~717~-507~0~A8~start~~~#0000FF^^1~710~-511~0~25~end~~~#0000FF^^0~712~-510^^0~M 715 -507 L 718 -510 L 715 -513#@$P~show~0~10~695~-520~180~gge277~0^^695~-520^^M 695 -520 h 20~#880000^^1~717~-517~0~A9~start~~~#0000FF^^1~710~-521~0~24~end~~~#0000FF^^0~712~-520^^0~M 715 -517 L 718 -520 L 715 -523#@$P~show~0~11~695~-530~180~gge284~0^^695~-530^^M 695 -530 h 20~#880000^^1~717~-527~0~A10~start~~~#0000FF^^1~710~-531~0~21~end~~~#0000FF^^0~712~-530^^0~M 715 -527 L 718 -530 L 715 -533#@$P~show~0~12~695~-540~180~gge291~0^^695~-540^^M 695 -540 h 20~#880000^^1~717~-537~0~A11~start~~~#0000FF^^1~710~-541~0~23~end~~~#0000FF^^0~712~-540^^0~M 715 -537 L 718 -540 L 715 -543#@$P~show~0~13~695~-550~180~gge298~0^^695~-550^^M 695 -550 h 20~#880000^^1~717~-547~0~A12~start~~~#0000FF^^1~710~-551~0~2~end~~~#0000FF^^0~712~-550^^0~M 715 -547 L 718 -550 L 715 -553#@$P~show~0~26~695~-410~180~gge305~0^^695~-410^^M 695 -410 h 20~#880000^^1~717~-407~0~DE~start~~~#0000FF^^1~710~-411~0~22~end~~~#0000FF^^0~712~-410^^0~M 715 -407 L 718 -410 L 715 -413#@$P~show~0~27~695~-400~180~gge312~0^^695~-400^^M 695 -400 h 20~#880000^^1~717~-397~0~CS~start~~~#0000FF^^1~710~-401~0~20~end~~~#0000FF^^0~712~-400^^0~M 715 -397 L 718 -400 L 715 -403#@$R~715~-570~~~25~180~#000000~1~0~none~gge319~0~#@$R~771~-570~~~24~180~#000000~1~0~none~gge320~0~#@$P~show~0~21~815~-430~0~gge321~0^^815~-430^^M 815 -430 h -20~#880000^^1~793~-427~0~D0~end~~~#0000FF^^1~800~-431~0~11~start~~~#0000FF^^0~798~-430^^0~M 795 -433 L 792 -430 L 795 -427#@$P~show~0~23~815~-440~0~gge328~0^^815~-440^^M 815 -440 h -20~#880000^^1~793~-437~0~D1~end~~~#0000FF^^1~800~-441~0~12~start~~~#0000FF^^0~798~-440^^0~M 795 -443 L 792 -440 L 795 -437#@$P~show~0~24~815~-450~0~gge335~0^^815~-450^^M 815 -450 h -20~#880000^^1~793~-447~0~D2~end~~~#0000FF^^1~800~-451~0~13~start~~~#0000FF^^0~798~-450^^0~M 795 -453 L 792 -450 L 795 -447#@$P~show~0~25~815~-460~0~gge342~0^^815~-460^^M 815 -460 h -20~#880000^^1~793~-457~0~D3~end~~~#0000FF^^1~800~-461~0~15~start~~~#0000FF^^0~798~-460^^0~M 795 -463 L 792 -460 L 795 -457#@$P~show~0~26~815~-470~0~gge349~0^^815~-470^^M 815 -470 h -20~#880000^^1~793~-467~0~D4~end~~~#0000FF^^1~800~-471~0~16~start~~~#0000FF^^0~798~-470^^0~M 795 -473 L 792 -470 L 795 -467#@$P~show~0~27~815~-480~0~gge356~0^^815~-480^^M 815 -480 h -20~#880000^^1~793~-477~0~D5~end~~~#0000FF^^1~800~-481~0~17~start~~~#0000FF^^0~798~-480^^0~M 795 -483 L 792 -480 L 795 -477#@$P~show~0~28~815~-490~0~gge363~0^^815~-490^^M 815 -490 h -20~#880000^^1~793~-487~0~D6~end~~~#0000FF^^1~800~-491~0~18~start~~~#0000FF^^0~798~-490^^0~M 795 -493 L 792 -490 L 795 -487#@$P~show~0~29~815~-500~0~gge370~0^^815~-500^^M 815 -500 h -20~#880000^^1~793~-497~0~D7~end~~~#0000FF^^1~800~-501~0~19~start~~~#0000FF^^0~798~-500^^0~M 795 -503 L 792 -500 L 795 -497#@$P~show~0~30~815~-540~0~gge377~0^^815~-540^^M 815 -540 h -20~#880000^^1~793~-537~0~PGM~end~~~#0000FF^^1~800~-541~0~27~start~~~#0000FF^^0~798~-540^^0~M 795 -543 L 792 -540 L 795 -537#@$P~none~0~31~815~-410~0~gge384~0^^815~-410^^M 815 -410 h -20~#880000^^1~793~-407~0~VCC~end~~~#0000FF^^1~800~-411~0~28~start~~~#0000FF^^0~798~-410^^0~M 795 -413 L 792 -410 L 795 -407#@$P~show~0~32~815~-550~0~gge391~0^^815~-550^^M 815 -550 h -20~#880000^^1~793~-547~0~WPP~end~~~#0000FF^^1~800~-551~0~1~start~~~#0000FF^^0~798~-550^^0~M 795 -553 L 792 -550 L 795 -547#@$P~none~0~33~815~-400~0~gge398~0^^815~-400^^M 815 -400 h -20~#880000^^1~793~-397~0~GND~end~~~#0000FF^^1~800~-401~0~14~start~~~#0000FF^^0~798~-400^^0~M 795 -403 L 792 -400 L 795 -397#@$T~L~741~-556~0~#0000FF~~9pt~~~~comment~ROM~1~start~gge405~0~pinpart#@$PL~740 -570 771 -570~#000000~1~0~none~gge407~0#@$PL~740 -390 770 -390~#000000~1~0~none~gge408~0#@$T~L~740~-370~0~#0000FF~~~~~~comment~27C64~1~start~gge409~0~pinpart#@$E~715~-410~2~2~#000000~1~0~#FFFFFF~gge411~0#@$E~715~-400~2~2~#000000~1~0~#FFFFFF~gge412~0#@$P~show~0~13~695~-560~180~gge413~0^^695~-560^^M 695 -560 h 20~#880000^^1~717~-557~0~A13~start~~~#0000FF^^1~710~-561~0~26~end~~~#0000FF^^0~712~-560^^0~M 715 -557 L 718 -560 L 715 -563","W~560 -410 695 -410~#008800~1~0~none~gge1571~0","W~560 -400 695 -400~#008800~1~0~none~gge1572~0","LIB~510~-590~package`DIP-16_W7.62MM_LONGPADS`BOM_Supplier`LCSC`BOM_Manufacturer`UTC`BOM_Manufacturer Part`UT232AG-D16-T`BOM_Supplier Part`C98142`Contributor`hotdog6394`spicePre`U`spiceSymbolName`DIP-16`~~0~ggebeafbe635b6acea0~6465e2faaeac4cb6abfca8f8c12a88dc~3409d7307a914850964352bb3a96f93f~0~~yes~yes~~~#@$T~N~503.875~-643~0~#000080~Arial~~~~~comment~6301~1~start~gge1710~0~#@$T~P~503.8828125~-652~0~#000080~Arial~~~~~comment~A1~1~start~gge1712~0~#@$R~470~-640~2~2~80~95~#880000~1~0~none~gge1714~0~#@$E~475~-635~1.5~1.5~#880000~1~0~#880000~gge1715~0#@$P~show~0~1~460~-625~180~gge1716~0^^460~-625^^M 460 -625 h 10~#880000^^1~473.7~-626~0~A6~start~~~#0000FF^^1~469.5~-626~0~1~end~~~#0000FF^^0~467~-625^^0~M 470 -622 L 473 -625 L 470 -628#@$P~show~0~2~460~-615~180~gge1723~0^^460~-615^^M 460 -615 h 10~#990000^^1~473.7~-616~0~A5~start~~~#0000FF^^1~469.5~-616~0~2~end~~~#0000FF^^0~467~-615^^0~M 470 -612 L 473 -615 L 470 -618#@$P~show~0~3~460~-605~180~gge1730~0^^460~-605^^M 460 -605 h 10~#880000^^1~473.7~-606~0~A4~start~~~#0000FF^^1~469.5~-606~0~3~end~~~#0000FF^^0~467~-605^^0~M 470 -602 L 473 -605 L 470 -608#@$P~show~0~4~460~-595~180~gge1737~0^^460~-595^^M 460 -595 h 10~#880000^^1~473.7~-596~0~A3~start~~~#0000FF^^1~469.5~-596~0~4~end~~~#0000FF^^0~467~-595^^0~M 470 -592 L 473 -595 L 470 -598#@$P~show~0~5~460~-585~180~gge1744~0^^460~-585^^M 460 -585 h 10~#880000^^1~473.7~-586~0~A0~start~~~#0000FF^^1~469.5~-586~0~5~end~~~#0000FF^^0~467~-585^^0~M 470 -582 L 473 -585 L 470 -588#@$P~show~0~6~460~-575~180~gge1751~0^^460~-575^^M 460 -575 h 10~#990000^^1~473.7~-576~0~A1~start~~~#0000FF^^1~469.5~-576~0~6~end~~~#0000FF^^0~467~-575^^0~M 470 -572 L 473 -575 L 470 -578#@$P~show~0~7~460~-565~180~gge1758~0^^460~-565^^M 460 -565 h 10~#880000^^1~473.7~-566~0~A2~start~~~#0000FF^^1~469.5~-566~0~7~end~~~#0000FF^^0~467~-565^^0~M 470 -562 L 473 -565 L 470 -568#@$P~show~0~8~460~-555~180~gge1765~0^^460~-555^^M 460 -555 h 10~#880000^^1~473.7~-556~0~GND~start~~~#0000FF^^1~469.5~-556~0~8~end~~~#0000FF^^0~467~-555^^0~M 470 -552 L 473 -555 L 470 -558#@$P~show~0~9~560~-555~0~gge1772~0^^560~-555^^M 560 -555 h -10~#880000^^1~546.3~-556~0~D3~end~~~#0000FF^^1~550.5~-556~0~9~start~~~#0000FF^^0~553~-555^^0~M 550 -558 L 547 -555 L 550 -552#@$P~show~0~10~560~-565~0~gge1779~0^^560~-565^^M 560 -565 h -10~#880000^^1~546.3~-566~0~D2~end~~~#0000FF^^1~550.5~-566~0~10~start~~~#0000FF^^0~553~-565^^0~M 550 -568 L 547 -565 L 550 -562#@$P~show~0~11~560~-575~0~gge1786~0^^560~-575^^M 560 -575 h -10~#880000^^1~546.3~-576~0~D1~end~~~#0000FF^^1~550.5~-576~0~11~start~~~#0000FF^^0~553~-575^^0~M 550 -578 L 547 -575 L 550 -572#@$P~show~0~12~560~-585~0~gge1793~0^^560~-585^^M 560 -585 h -10~#880000^^1~546.3~-586~0~D0~end~~~#0000FF^^1~550.5~-586~0~12~start~~~#0000FF^^0~553~-585^^0~M 550 -588 L 547 -585 L 550 -582#@$P~show~0~13~560~-595~0~gge1800~0^^560~-595^^M 560 -595 h -10~#880000^^1~546.3~-596~0~P\/E1~end~~~#0000FF^^1~550.5~-596~0~13~start~~~#0000FF^^0~553~-595^^0~M 550 -598 L 547 -595 L 550 -592#@$P~show~0~14~560~-605~0~gge1807~0^^560~-605^^M 560 -605 h -10~#880000^^1~546.3~-606~0~\/E2~end~~~#0000FF^^1~550.5~-606~0~14~start~~~#0000FF^^0~553~-605^^0~M 550 -608 L 547 -605 L 550 -602#@$P~show~0~15~560~-615~0~gge1814~0^^560~-615^^M 560 -615 h -10~#990000^^1~546.3~-616~0~A7~end~~~#0000FF^^1~550.5~-616~0~15~start~~~#0000FF^^0~553~-615^^0~M 550 -618 L 547 -615 L 550 -612#@$P~show~0~16~560~-625~0~gge1821~0^^560~-625^^M 560 -625 h -10~#990000^^1~546.3~-626~0~VCC~end~~~#0000FF^^1~550.5~-626~0~16~start~~~#0000FF^^0~553~-625^^0~M 550 -628 L 547 -625 L 550 -622","LIB~510~-395~package`DIP-16_W7.62MM_LONGPADS`BOM_Supplier`LCSC`BOM_Manufacturer`UTC`BOM_Manufacturer Part`UT232AG-D16-T`BOM_Supplier Part`C98142`Contributor`hotdog6394`spicePre`U`spiceSymbolName`DIP-16`~~0~gge95c2258d80b45eba~6465e2faaeac4cb6abfca8f8c12a88dc~3409d7307a914850964352bb3a96f93f~0~~yes~yes~~~#@$T~N~503.875~-448~0~#000080~Arial~~~~~comment~6301~1~start~gge2024~0~#@$T~P~503.8828125~-457~0~#000080~Arial~~~~~comment~A2~1~start~gge2026~0~#@$R~470~-445~2~2~80~95~#880000~1~0~none~gge2028~0~#@$E~475~-440~1.5~1.5~#880000~1~0~#880000~gge2029~0#@$P~show~0~1~460~-430~180~gge2030~0^^460~-430^^M 460 -430 h 10~#880000^^1~473.7~-431~0~A6~start~~~#0000FF^^1~469.5~-431~0~1~end~~~#0000FF^^0~467~-430^^0~M 470 -427 L 473 -430 L 470 -433#@$P~show~0~2~460~-420~180~gge2037~0^^460~-420^^M 460 -420 h 10~#990000^^1~473.7~-421~0~A5~start~~~#0000FF^^1~469.5~-421~0~2~end~~~#0000FF^^0~467~-420^^0~M 470 -417 L 473 -420 L 470 -423#@$P~show~0~3~460~-410~180~gge2044~0^^460~-410^^M 460 -410 h 10~#880000^^1~473.7~-411~0~A4~start~~~#0000FF^^1~469.5~-411~0~3~end~~~#0000FF^^0~467~-410^^0~M 470 -407 L 473 -410 L 470 -413#@$P~show~0~4~460~-400~180~gge2051~0^^460~-400^^M 460 -400 h 10~#880000^^1~473.7~-401~0~A3~start~~~#0000FF^^1~469.5~-401~0~4~end~~~#0000FF^^0~467~-400^^0~M 470 -397 L 473 -400 L 470 -403#@$P~show~0~5~460~-390~180~gge2058~0^^460~-390^^M 460 -390 h 10~#880000^^1~473.7~-391~0~A0~start~~~#0000FF^^1~469.5~-391~0~5~end~~~#0000FF^^0~467~-390^^0~M 470 -387 L 473 -390 L 470 -393#@$P~show~0~6~460~-380~180~gge2065~0^^460~-380^^M 460 -380 h 10~#990000^^1~473.7~-381~0~A1~start~~~#0000FF^^1~469.5~-381~0~6~end~~~#0000FF^^0~467~-380^^0~M 470 -377 L 473 -380 L 470 -383#@$P~show~0~7~460~-370~180~gge2072~0^^460~-370^^M 460 -370 h 10~#880000^^1~473.7~-371~0~A2~start~~~#0000FF^^1~469.5~-371~0~7~end~~~#0000FF^^0~467~-370^^0~M 470 -367 L 473 -370 L 470 -373#@$P~show~0~8~460~-360~180~gge2079~0^^460~-360^^M 460 -360 h 10~#880000^^1~473.7~-361~0~GND~start~~~#0000FF^^1~469.5~-361~0~8~end~~~#0000FF^^0~467~-360^^0~M 470 -357 L 473 -360 L 470 -363#@$P~show~0~9~560~-360~0~gge2086~0^^560~-360^^M 560 -360 h -10~#880000^^1~546.3~-361~0~D3~end~~~#0000FF^^1~550.5~-361~0~9~start~~~#0000FF^^0~553~-360^^0~M 550 -363 L 547 -360 L 550 -357#@$P~show~0~10~560~-370~0~gge2093~0^^560~-370^^M 560 -370 h -10~#880000^^1~546.3~-371~0~D2~end~~~#0000FF^^1~550.5~-371~0~10~start~~~#0000FF^^0~553~-370^^0~M 550 -373 L 547 -370 L 550 -367#@$P~show~0~11~560~-380~0~gge2100~0^^560~-380^^M 560 -380 h -10~#880000^^1~546.3~-381~0~D1~end~~~#0000FF^^1~550.5~-381~0~11~start~~~#0000FF^^0~553~-380^^0~M 550 -383 L 547 -380 L 550 -377#@$P~show~0~12~560~-390~0~gge2107~0^^560~-390^^M 560 -390 h -10~#880000^^1~546.3~-391~0~D0~end~~~#0000FF^^1~550.5~-391~0~12~start~~~#0000FF^^0~553~-390^^0~M 550 -393 L 547 -390 L 550 -387#@$P~show~0~13~560~-400~0~gge2114~0^^560~-400^^M 560 -400 h -10~#880000^^1~546.3~-401~0~P\/E1~end~~~#0000FF^^1~550.5~-401~0~13~start~~~#0000FF^^0~553~-400^^0~M 550 -403 L 547 -400 L 550 -397#@$P~show~0~14~560~-410~0~gge2121~0^^560~-410^^M 560 -410 h -10~#880000^^1~546.3~-411~0~\/E2~end~~~#0000FF^^1~550.5~-411~0~14~start~~~#0000FF^^0~553~-410^^0~M 550 -413 L 547 -410 L 550 -407#@$P~show~0~15~560~-420~0~gge2128~0^^560~-420^^M 560 -420 h -10~#990000^^1~546.3~-421~0~A7~end~~~#0000FF^^1~550.5~-421~0~15~start~~~#0000FF^^0~553~-420^^0~M 550 -423 L 547 -420 L 550 -417#@$P~show~0~16~560~-430~0~gge2135~0^^560~-430^^M 560 -430 h -10~#990000^^1~546.3~-431~0~VCC~end~~~#0000FF^^1~550.5~-431~0~16~start~~~#0000FF^^0~553~-430^^0~M 550 -433 L 547 -430 L 550 -427","F~part_netLabel_netPort~560~-585~0~gge2207~~0^^560~-585^^D0~#0000FF~563.78~-582.52~0~start~1~Times New Roman~5.5pt~flag_gge163^^PL~560 -585 565 -580 580 -580 580 -590 565 -590 560 -585~#0000FF~1~0~transparent~gge2211~0","F~part_netLabel_netPort~560~-575~180~gge2214~~0^^560~-575^^D1~#0000FF~563.59~-572.51~0~start~1~Times New Roman~5.5pt~flag_gge166^^PL~560 -575 565 -580 580 -580 580 -570 565 -570 560 -575~#0000FF~1~0~transparent~gge2218~0","F~part_netLabel_netPort~560~-565~0~gge2221~~0^^560~-565^^D2~#0000FF~563.7734375~-562.5~0~start~1~Times New Roman~5.5pt~flag_gge169^^PL~560 -565 565 -560 580 -560 580 -570 565 -570 560 -565~#0000FF~1~0~transparent~gge2225~0","F~part_netLabel_netPort~560~-555~180~gge2228~~0^^560~-555^^D3~#0000FF~563.59~-552.51~0~start~1~Times New Roman~5.5pt~flag_gge172^^PL~560 -555 565 -560 580 -560 580 -550 565 -550 560 -555~#0000FF~1~0~transparent~gge2232~0","F~part_netLabel_netPort~560~-390~0~gge2235~~0^^560~-390^^D4~#0000FF~563.7734375~-387.5~0~start~1~Times New Roman~5.5pt~flag_gge175^^PL~560 -390 565 -385 580 -385 580 -395 565 -395 560 -390~#0000FF~1~0~transparent~gge2239~0","F~part_netLabel_netPort~560~-380~180~gge2242~~0^^560~-380^^D5~#0000FF~563.59~-377.51~0~start~1~Times New Roman~5.5pt~flag_gge178^^PL~560 -380 565 -385 580 -385 580 -375 565 -375 560 -380~#0000FF~1~0~transparent~gge2246~0","F~part_netLabel_netPort~560~-370~0~gge2249~~0^^560~-370^^D6~#0000FF~563.7734375~-367.5~0~start~1~Times New Roman~5.5pt~flag_gge181^^PL~560 -370 565 -365 580 -365 580 -375 565 -375 560 -370~#0000FF~1~0~transparent~gge2253~0","F~part_netLabel_netPort~560~-360~180~gge2256~~0^^560~-360^^D7~#0000FF~563.59~-357.51~0~start~1~Times New Roman~5.5pt~flag_gge184^^PL~560 -360 565 -365 580 -365 580 -355 565 -355 560 -360~#0000FF~1~0~transparent~gge2260~0","F~part_netLabel_netPort~695~-500~0~gge2263~~0^^695~-500^^A7~#0000FF~675.5~-497.53~0~start~1~Times New Roman~5.5pt~flag_gge187^^PL~695 -500 690 -495 675 -495 675 -505 690 -505 695 -500~#0000FF~1~0~transparent~gge2267~0","F~part_netLabel_netPort~695~-490~0~gge2270~~0^^695~-490^^A6~#0000FF~684.4921875~-487.53125~0~end~1~Times New Roman~5.5pt~flag_gge190^^PL~695 -490 690 -485 675 -485 675 -495 690 -495 695 -490~#0000FF~1~0~transparent~gge2274~0","F~part_netLabel_netPort~695~-480~0~gge2275~~0^^695~-480^^A5~#0000FF~684.4921875~-477.53125~0~end~1~Times New Roman~5.5pt~flag_gge193^^PL~695 -480 690 -475 675 -475 675 -485 690 -485 695 -480~#0000FF~1~0~transparent~gge2279~0","F~part_netLabel_netPort~695~-460~0~gge2280~~0^^695~-460^^A3~#0000FF~684.4921875~-457.53125~0~end~1~Times New Roman~5.5pt~flag_gge196^^PL~695 -460 690 -455 675 -455 675 -465 690 -465 695 -460~#0000FF~1~0~transparent~gge2284~0","F~part_netLabel_netPort~695~-470~0~gge2285~~0^^695~-470^^A4~#0000FF~684.4921875~-467.53125~0~end~1~Times New Roman~5.5pt~flag_gge199^^PL~695 -470 690 -465 675 -465 675 -475 690 -475 695 -470~#0000FF~1~0~transparent~gge2289~0","F~part_netLabel_netPort~695~-450~0~gge2292~~0^^695~-450^^A2~#0000FF~684.4921875~-447.53125~0~end~1~Times New Roman~5.5pt~flag_gge202^^PL~695 -450 690 -445 675 -445 675 -455 690 -455 695 -450~#0000FF~1~0~transparent~gge2296~0","F~part_netLabel_netPort~695~-440~0~gge2299~~0^^695~-440^^A1~#0000FF~684.4921875~-437.53125~0~end~1~Times New Roman~5.5pt~flag_gge205^^PL~695 -440 690 -435 675 -435 675 -445 690 -445 695 -440~#0000FF~1~0~transparent~gge2303~0","F~part_netLabel_netPort~695~-430~0~gge2306~~0^^695~-430^^A0~#0000FF~684.4921875~-427.53125~0~end~1~Times New Roman~5.5pt~flag_gge208^^PL~695 -430 690 -425 675 -425 675 -435 690 -435 695 -430~#0000FF~1~0~transparent~gge2310~0","F~part_netLabel_GNd~795~-610~90~gge2326~~0^^795~-610^^GND~#000000~812.21875~-606.078125~0~start~1~Times New Roman~9pt~flag_gge211^^PL~805 -610 795 -610~#000000~1~0~transparent~gge2330~0^^PL~805 -610 805 -620 811 -610 805 -600 805 -610~#000000~1~0~transparent~gge2331~0","F~part_netLabel_+5V~755~-610~90~gge2332~~0^^755~-610^^+5V~#000000~722.46875~-606.078125~0~start~1~Times New Roman~9pt~flag_gge214^^PL~745 -610 755 -610~#000000~1~0~transparent~gge2336~0^^PL~745 -605 745 -615~#000000~1~0~transparent~gge2337~0","LIB~775~-610~package`CAP-TH_L4.8-W3.2-P5.08-D1.2`BOM_Supplier`LCSC`BOM_Supplier Part`C141981`BOM_Manufacturer`TORCH`BOM_Manufacturer Part`CT4G-0805-2X1-50V-0.1uF-K`nameAlias`Capacitance`Contributor`LCSC`spicePre`C`spiceSymbolName`CT4G-0805-2X1-50V-0.1UF-K`~180~0~gge2531fa2356cc8995~5b76c8b17a18408b88432563753fa146~7f1341b54c77479dbdc44002270970ef~0~~yes~yes~~~#@$T~N~768.421875~-621~0~#000080~Arial~~~~~comment~100nF~1~start~gge2388~0~#@$T~P~769.149375~-630.1484375~0~#000080~Arial~~~~~comment~C1~1~start~gge2390~0~#@$PL~777 -618 777 -602~#A00000~1~0~none~gge2392~0#@$P~show~0~1~795~-610~0~gge2393~0^^795~-610^^M 785 -610 h 10~#800^^0~781~-610~0~1~end~~~#800^^0~789~-614~0~1~start~~~#800^^0~808~-610^^0~M 805 -613 L 802 -610 L 805 -607#@$PL~765 -610 773 -610~#A00000~1~0~none~gge2400~0#@$PL~773 -602 773 -618~#A00000~1~0~none~gge2401~0#@$P~show~0~2~755~-610~180~gge2402~0^^755~-610^^M 765 -610 h -10~#800^^0~769~-610~0~2~start~~~#800^^0~761~-614~0~2~end~~~#800^^0~742~-610^^0~M 745 -607 L 748 -610 L 745 -613#@$PL~777 -610 785 -610~#A00000~1~0~none~gge2409~0","F~part_netLabel_netPort~460~-625~0~gge2429~~0^^460~-625^^A6~#0000FF~449.4921875~-622.53125~0~end~1~Times New Roman~5.5pt~flag_gge217^^PL~460 -625 455 -620 440 -620 440 -630 455 -630 460 -625~#0000FF~1~0~transparent~gge2433~0","F~part_netLabel_netPort~460~-615~0~gge2434~~0^^460~-615^^A5~#0000FF~449.4921875~-612.53125~0~end~1~Times New Roman~5.5pt~flag_gge220^^PL~460 -615 455 -610 440 -610 440 -620 455 -620 460 -615~#0000FF~1~0~transparent~gge2438~0","F~part_netLabel_netPort~460~-605~0~gge2439~~0^^460~-605^^A4~#0000FF~449.4921875~-602.53125~0~end~1~Times New Roman~5.5pt~flag_gge223^^PL~460 -605 455 -600 440 -600 440 -610 455 -610 460 -605~#0000FF~1~0~transparent~gge2443~0","F~part_netLabel_GNd~460~-555~0~gge2476~~0^^460~-555^^GND~#000000~447~-530~0~start~1~Times New Roman~9pt~flag_gge226^^PL~460 -545 460 -555~#000000~1~0~transparent~gge2480~0^^PL~460 -545 470 -545 460 -539 450 -545 460 -545~#000000~1~0~transparent~gge2481~0","F~part_netLabel_netPort~560~-615~180~gge2486~~0^^560~-615^^A7~#0000FF~570.68~-612.49~0~start~1~Times New Roman~5.5pt~flag_gge229^^PL~560 -615 565 -620 580 -620 580 -610 565 -610 560 -615~#0000FF~1~0~transparent~gge2490~0","F~part_netLabel_netPort~460~-400~0~gge2493~~0^^460~-400^^A3~#0000FF~449.4921875~-397.53125~0~end~1~Times New Roman~5.5pt~flag_gge232^^PL~460 -400 455 -395 440 -395 440 -405 455 -405 460 -400~#0000FF~1~0~transparent~gge2497~0","F~part_netLabel_netPort~460~-390~0~gge2498~~0^^460~-390^^A0~#0000FF~449.4921875~-387.53125~0~end~1~Times New Roman~5.5pt~flag_gge235^^PL~460 -390 455 -385 440 -385 440 -395 455 -395 460 -390~#0000FF~1~0~transparent~gge2502~0","F~part_netLabel_netPort~460~-380~0~gge2503~~0^^460~-380^^A1~#0000FF~449.4921875~-377.53125~0~end~1~Times New Roman~5.5pt~flag_gge238^^PL~460 -380 455 -375 440 -375 440 -385 455 -385 460 -380~#0000FF~1~0~transparent~gge2507~0","F~part_netLabel_netPort~460~-370~0~gge2508~~0^^460~-370^^A2~#0000FF~449.4921875~-367.53125~0~end~1~Times New Roman~5.5pt~flag_gge241^^PL~460 -370 455 -365 440 -365 440 -375 455 -375 460 -370~#0000FF~1~0~transparent~gge2512~0","F~part_netLabel_+5V~560~-625~0~gge2523~~0^^560~-625^^+5V~#000000~550~-637~0~start~1~Times New Roman~9pt~flag_gge244^^PL~560 -635 560 -625~#000000~1~0~transparent~gge2527~0^^PL~555 -635 565 -635~#000000~1~0~transparent~gge2528~0","F~part_netLabel_GNd~460~-360~0~gge2620~~0^^460~-360^^GND~#000000~447~-335~0~start~1~Times New Roman~9pt~flag_gge247^^PL~460 -350 460 -360~#000000~1~0~transparent~gge2624~0^^PL~460 -350 470 -350 460 -344 450 -350 460 -350~#000000~1~0~transparent~gge2625~0","W~815 -540 830 -540~#008800~1~0~none~gge2627~0","F~part_netLabel_+5V~560~-430~0~gge2630~~0^^560~-430^^+5V~#000000~550~-442~0~start~1~Times New Roman~9pt~flag_gge250^^PL~560 -440 560 -430~#000000~1~0~transparent~gge2634~0^^PL~555 -440 565 -440~#000000~1~0~transparent~gge2635~0","LIB~625~-575~package`HEADERDIP3`description`null`spicePre`U`spiceSymbolName`HEADERDIP3HEADERDIP3`BOM_Manufacturer Part``~180~0~ggec052978660aab9fd~734a4b327eea4cf7a9eddf9ef00dfeef~f7938d5ddcfb436087518d0580056c52~0~~yes~yes~~~#@$T~N~600.59375~-608~0~#000080~Arial~~~~~comment~HEADERDIP3HEADERDIP3~0~start~gge2640~0~#@$T~P~611.8071875~-606.75~0~#000080~Arial~~~~~comment~A13~1~start~gge2642~0~#@$P~show~0~1~640~-575~0~gge2644~0^^640~-575^^M 640 -575 h -20~#8D2323^^1~617~-572~0~1~end~~~#8D2323^^1~626~-576~0~1~start~~~#8D2323^^0~623~-575^^0~M 620 -578 L 617 -575 L 620 -572#@$P~show~0~2~640~-585~0~gge2651~0^^640~-585^^M 640 -585 h -20~#8D2323^^1~617~-582~0~2~end~~~#8D2323^^1~626~-586~0~2~start~~~#8D2323^^0~623~-585^^0~M 620 -588 L 617 -585 L 620 -582#@$P~show~0~3~640~-595~0~gge2658~0^^640~-595^^M 640 -595 h -20~#8D2323^^1~617~-592~0~3~end~~~#8D2323^^1~626~-596~0~3~start~~~#8D2323^^0~623~-595^^0~M 620 -598 L 617 -595 L 620 -592#@$PL~630 -565 630 -605~#8D2323~1~0~none~gge2665~0#@$PL~630 -605 610 -605~#8D2323~1~0~none~gge2666~0#@$PL~610 -605 610 -565~#8D2323~1~0~none~gge2667~0#@$PL~610 -565 630 -565~#8D2323~1~0~none~gge2668~0","F~part_netLabel_+5V~670~-595~0~gge2669~~0^^670~-595^^+5V~#000000~660~-607~0~start~1~Times New Roman~9pt~flag_gge253^^PL~670 -605 670 -595~#000000~1~0~transparent~gge2673~0^^PL~665 -605 675 -605~#000000~1~0~transparent~gge2674~0","F~part_netLabel_VCC~580~-430~0~gge2728~~0^^580~-430^^VCC~#000000~568~-442~0~start~1~Times New Roman~9pt~flag_gge256^^PL~580 -440 580 -430~#000000~1~0~transparent~gge2732~0^^PL~575 -440 585 -440~#000000~1~0~transparent~gge2733~0","W~580 -430 560 -430~#008800~1~0~none~gge2740~0","W~695 -560 695 -585 640 -585~#008800~1~0~none~gge2838~0","T~L~740~-360~0~#0000FF~~~~~~comment~27C128~1~start~gge2845~0~pinpart","W~640 -540 670 -540 670 -595 640 -595~#008800~1~0~none~gge2857~0","W~695 -540 695 -530 700 -530~#008800~1~0~none~gge2860~0","LIB~625~-520~package`HEADERDIP3`description`null`spicePre`U`spiceSymbolName`HEADERDIP3HEADERDIP3`BOM_Manufacturer Part``~180~0~gge602037bf661b59f0~734a4b327eea4cf7a9eddf9ef00dfeef~f7938d5ddcfb436087518d0580056c52~0~~yes~yes~~~#@$T~N~600.59375~-553~0~#000080~Arial~~~~~comment~HEADERDIP3HEADERDIP3~0~start~gge2877~0~#@$T~P~611.8071875~-551.75~0~#000080~Arial~~~~~comment~A12~1~start~gge2883~0~#@$P~show~0~1~640~-520~0~gge2889~0^^640~-520^^M 640 -520 h -20~#8D2323^^1~617~-517~0~1~end~~~#8D2323^^1~626~-521~0~1~start~~~#8D2323^^0~623~-520^^0~M 620 -523 L 617 -520 L 620 -517#@$P~show~0~2~640~-530~0~gge2910~0^^640~-530^^M 640 -530 h -20~#8D2323^^1~617~-527~0~2~end~~~#8D2323^^1~626~-531~0~2~start~~~#8D2323^^0~623~-530^^0~M 620 -533 L 617 -530 L 620 -527#@$P~show~0~3~640~-540~0~gge2931~0^^640~-540^^M 640 -540 h -20~#8D2323^^1~617~-537~0~3~end~~~#8D2323^^1~626~-541~0~3~start~~~#8D2323^^0~623~-540^^0~M 620 -543 L 617 -540 L 620 -537#@$PL~630 -510 630 -550~#8D2323~1~0~none~gge2952~0#@$PL~630 -550 610 -550~#8D2323~1~0~none~gge2955~0#@$PL~610 -550 610 -510~#8D2323~1~0~none~gge2958~0#@$PL~610 -510 630 -510~#8D2323~1~0~none~gge2961~0","W~640 -520 695 -520~#008800~1~0~none~gge2964~0","W~640 -530 685 -530 685 -550 695 -550~#008800~1~0~none~gge2967~0","W~640 -575 650 -575 650 -520~#008800~1~0~none~gge2974~0","F~part_netLabel_GNd~650~-520~0~gge2981~~0^^650~-520^^GND~#000000~637.09375~-493~0~start~1~Times New Roman~9pt~gge2987^^PL~650 -510 650 -520~#000000~1~0~transparent~gge2993~0^^PL~650 -510 660 -510 650 -504 640 -510 650 -510~#000000~1~0~transparent~gge2996~0","W~695 -510 695 -530~#008800~1~0~none~gge2999~0","J~560~-430~2.5~#CC0000~gge2741~0","J~695~-530~2.5~#CC0000~gge2861~0","J~670~-595~2.5~#CC0000~gge2971~0","J~650~-520~2.5~#CC0000~gge2975~0","J~695~-520~2.5~#CC0000~gge3000~0"],"BBox":{"x":0,"y":-806,"width":1149,"height":806.5},"colors":[]}}],"docType":5,"title":"A1_PROM_64_128","name":"A1_PROM_64_128"}